Group,Point,X,Y,Z
1,1,-52.2574,29.4816,0.0
1,2,-52.5743,33.5125,0.0
1,3,-52.6851,37.5444,0.0
1,4,-52.5988,41.5672,0.0
1,5,-52.3245,45.5720,0.0
1,6,-51.8706,49.5511,0.0
1,7,-51.2455,53.4975,0.0
1,8,-50.4574,57.4054,0.0
1,9,-49.5139,61.2695,0.0
1,10,-48.4227,65.0853,0.0
1,11,-47.1908,68.8489,0.0
1,12,-45.8252,72.5568,0.0
1,13,-44.3325,76.2063,0.0
1,14,-42.7189,79.7947,0.0
1,15,-40.9906,83.3200,0.0
1,16,-39.1534,86.7804,0.0
1,17,-37.2126,90.1744,0.0
1,18,-35.1737,93.5009,0.0
1,19,-33.0416,96.7588,0.0
1,20,-30.8212,99.9475,0.0
1,21,-28.5169,103.0664,0.0
1,22,-26.1332,106.1151,0.0
1,23,-23.6743,109.0934,0.0
1,24,-21.1440,112.0012,0.0
1,25,-18.5463,114.8386,0.0
1,26,-15.8847,117.6056,0.0
1,27,-13.1627,120.3025,0.0
1,28,-10.3835,122.9296,0.0
1,29,-7.5503,125.4873,0.0
1,30,-4.6661,127.9762,0.0
1,31,-1.7337,130.3966,0.0
1,32,1.2442,132.7493,0.0
1,33,4.2648,135.0347,0.0
1,34,7.3259,137.2536,0.0
1,35,10.4250,139.4067,0.0
1,36,13.5598,141.4946,0.0
1,37,16.7282,143.5182,0.0
1,38,19.9282,145.4782,0.0
1,39,23.1578,147.3753,0.0
1,40,26.4151,149.2105,0.0
1,41,29.6983,150.9845,0.0
1,42,33.0058,152.6981,0.0
1,43,36.3359,154.3522,0.0
1,44,39.6870,155.9476,0.0
1,45,43.0577,157.4852,0.0
1,46,46.4466,158.9658,0.0
1,47,49.8523,160.3903,0.0
1,48,53.2735,161.7594,0.0
1,49,56.7091,163.0741,0.0
1,50,60.1577,164.3352,0.0
2,1,-51.6605,-30.5154,0.0
2,2,-55.3098,-28.7744,0.0
2,3,-58.8569,-26.8544,0.0
2,4,-62.2977,-24.7683,0.0
2,5,-65.6288,-22.5283,0.0
2,6,-68.8478,-20.1457,0.0
2,7,-71.9530,-17.6311,0.0
2,8,-74.9432,-14.9946,0.0
2,9,-77.8179,-12.2455,0.0
2,10,-80.5769,-9.3926,0.0
2,11,-83.2203,-6.4440,0.0
2,12,-85.7487,-3.4073,0.0
2,13,-88.1628,-0.2899,0.0
2,14,-90.4637,2.9017,0.0
2,15,-92.6525,6.1610,0.0
2,16,-94.7307,9.4824,0.0
2,17,-96.6996,12.8601,0.0
2,18,-98.5610,16.2891,0.0
2,19,-100.3164,19.7645,0.0
2,20,-101.9677,23.2819,0.0
2,21,-103.5166,26.8369,0.0
2,22,-104.9650,30.4255,0.0
2,23,-106.3148,34.0442,0.0
2,24,-107.5679,37.6893,0.0
2,25,-108.7263,41.3577,0.0
2,26,-109.7918,45.0462,0.0
2,27,-110.7663,48.7520,0.0
2,28,-111.6519,52.4724,0.0
2,29,-112.4504,56.2049,0.0
2,30,-113.1637,59.9472,0.0
2,31,-113.7936,63.6969,0.0
2,32,-114.3422,67.4521,0.0
2,33,-114.8111,71.2108,0.0
2,34,-115.2022,74.9712,0.0
2,35,-115.5172,78.7316,0.0
2,36,-115.7580,82.4904,0.0
2,37,-115.9263,86.2461,0.0
2,38,-116.0237,89.9974,0.0
2,39,-116.0519,93.7429,0.0
2,40,-116.0125,97.4814,0.0
2,41,-115.9072,101.2117,0.0
2,42,-115.7375,104.9329,0.0
2,43,-115.5050,108.6439,0.0
2,44,-115.2111,112.3438,0.0
2,45,-114.8573,116.0317,0.0
2,46,-114.4451,119.7069,0.0
2,47,-113.9759,123.3685,0.0
2,48,-113.4510,127.0159,0.0
2,49,-112.8718,130.6485,0.0
2,50,-112.2396,134.2657,0.0
3,1,0.5969,-59.9970,0.0
3,2,-2.7355,-62.2869,0.0
3,3,-6.1719,-64.3988,0.0
3,4,-9.6988,-66.3355,0.0
3,5,-13.3043,-68.1003,0.0
3,6,-16.9772,-69.6968,0.0
3,7,-20.7075,-71.1287,0.0
3,8,-24.4859,-72.4001,0.0
3,9,-28.3040,-73.5151,0.0
3,10,-32.1542,-74.4779,0.0
3,11,-36.0295,-75.2929,0.0
3,12,-39.9235,-75.9642,0.0
3,13,-43.8303,-76.4962,0.0
3,14,-47.7448,-76.8930,0.0
3,15,-51.6619,-77.1589,0.0
3,16,-55.5773,-77.2980,0.0
3,17,-59.4870,-77.3143,0.0
3,18,-63.3873,-77.2118,0.0
3,19,-67.2748,-76.9943,0.0
3,20,-71.1465,-76.6657,0.0
3,21,-74.9997,-76.2296,0.0
3,22,-78.8318,-75.6896,0.0
3,23,-82.6406,-75.0492,0.0
3,24,-86.4239,-74.3119,0.0
3,25,-90.1800,-73.4809,0.0
3,26,-93.9071,-72.5593,0.0
3,27,-97.6037,-71.5504,0.0
3,28,-101.2684,-70.4572,0.0
3,29,-104.9001,-69.2824,0.0
3,30,-108.4976,-68.0290,0.0
3,31,-112.0600,-66.6997,0.0
3,32,-115.5863,-65.2972,0.0
3,33,-119.0759,-63.8239,0.0
3,34,-122.5281,-62.2824,0.0
3,35,-125.9422,-60.6751,0.0
3,36,-129.3178,-59.0042,0.0
3,37,-132.6545,-57.2720,0.0
3,38,-135.9519,-55.4808,0.0
3,39,-139.2097,-53.6324,0.0
3,40,-142.4276,-51.7291,0.0
3,41,-145.6055,-49.7727,0.0
3,42,-148.7433,-47.7652,0.0
3,43,-151.8409,-45.7083,0.0
3,44,-154.8981,-43.6038,0.0
3,45,-157.9151,-41.4535,0.0
3,46,-160.8917,-39.2589,0.0
3,47,-163.8282,-37.0217,0.0
3,48,-166.7245,-34.7435,0.0
3,49,-169.5808,-32.4256,0.0
3,50,-172.3973,-30.0695,0.0
4,1,52.2574,-29.4816,0.0
4,2,52.5743,-33.5125,0.0
4,3,52.6851,-37.5444,0.0
4,4,52.5988,-41.5672,0.0
4,5,52.3245,-45.5720,0.0
4,6,51.8706,-49.5511,0.0
4,7,51.2455,-53.4975,0.0
4,8,50.4574,-57.4054,0.0
4,9,49.5139,-61.2695,0.0
4,10,48.4227,-65.0853,0.0
4,11,47.1908,-68.8489,0.0
4,12,45.8252,-72.5568,0.0
4,13,44.3325,-76.2063,0.0
4,14,42.7189,-79.7947,0.0
4,15,40.9906,-83.3200,0.0
4,16,39.1534,-86.7804,0.0
4,17,37.2126,-90.1744,0.0
4,18,35.1737,-93.5009,0.0
4,19,33.0416,-96.7588,0.0
4,20,30.8212,-99.9475,0.0
4,21,28.5169,-103.0664,0.0
4,22,26.1332,-106.1151,0.0
4,23,23.6743,-109.0934,0.0
4,24,21.1440,-112.0012,0.0
4,25,18.5463,-114.8386,0.0
4,26,15.8847,-117.6056,0.0
4,27,13.1627,-120.3025,0.0
4,28,10.3835,-122.9296,0.0
4,29,7.5503,-125.4873,0.0
4,30,4.6661,-127.9762,0.0
4,31,1.7337,-130.3966,0.0
4,32,-1.2442,-132.7493,0.0
4,33,-4.2648,-135.0347,0.0
4,34,-7.3259,-137.2536,0.0
4,35,-10.4250,-139.4067,0.0
4,36,-13.5598,-141.4946,0.0
4,37,-16.7282,-143.5182,0.0
4,38,-19.9282,-145.4782,0.0
4,39,-23.1578,-147.3753,0.0
4,40,-26.4151,-149.2105,0.0
4,41,-29.6983,-150.9845,0.0
4,42,-33.0058,-152.6981,0.0
4,43,-36.3359,-154.3522,0.0
4,44,-39.6870,-155.9476,0.0
4,45,-43.0577,-157.4852,0.0
4,46,-46.4466,-158.9658,0.0
4,47,-49.8523,-160.3903,0.0
4,48,-53.2735,-161.7594,0.0
4,49,-56.7091,-163.0741,0.0
4,50,-60.1577,-164.3352,0.0
5,1,51.6605,30.5154,0.0
5,2,55.3098,28.7744,0.0
5,3,58.8569,26.8544,0.0
5,4,62.2977,24.7683,0.0
5,5,65.6288,22.5283,0.0
5,6,68.8478,20.1457,0.0
5,7,71.9530,17.6311,0.0
5,8,74.9432,14.9946,0.0
5,9,77.8179,12.2455,0.0
5,10,80.5769,9.3926,0.0
5,11,83.2203,6.4440,0.0
5,12,85.7487,3.4073,0.0
5,13,88.1628,0.2899,0.0
5,14,90.4637,-2.9017,0.0
5,15,92.6525,-6.1610,0.0
5,16,94.7307,-9.4824,0.0
5,17,96.6996,-12.8601,0.0
5,18,98.5610,-16.2891,0.0
5,19,100.3164,-19.7645,0.0
5,20,101.9677,-23.2819,0.0
5,21,103.5166,-26.8369,0.0
5,22,104.9650,-30.4255,0.0
5,23,106.3148,-34.0442,0.0
5,24,107.5679,-37.6893,0.0
5,25,108.7263,-41.3577,0.0
5,26,109.7918,-45.0462,0.0
5,27,110.7663,-48.7520,0.0
5,28,111.6519,-52.4724,0.0
5,29,112.4504,-56.2049,0.0
5,30,113.1637,-59.9472,0.0
5,31,113.7936,-63.6969,0.0
5,32,114.3422,-67.4521,0.0
5,33,114.8111,-71.2108,0.0
5,34,115.2022,-74.9712,0.0
5,35,115.5172,-78.7316,0.0
5,36,115.7580,-82.4904,0.0
5,37,115.9263,-86.2461,0.0
5,38,116.0237,-89.9974,0.0
5,39,116.0519,-93.7429,0.0
5,40,116.0125,-97.4814,0.0
5,41,115.9072,-101.2117,0.0
5,42,115.7375,-104.9329,0.0
5,43,115.5050,-108.6439,0.0
5,44,115.2111,-112.3438,0.0
5,45,114.8573,-116.0317,0.0
5,46,114.4451,-119.7069,0.0
5,47,113.9759,-123.3685,0.0
5,48,113.4510,-127.0159,0.0
5,49,112.8718,-130.6485,0.0
5,50,112.2396,-134.2657,0.0
6,1,-0.5969,59.9970,0.0
6,2,2.7355,62.2869,0.0
6,3,6.1719,64.3988,0.0
6,4,9.6988,66.3355,0.0
6,5,13.3043,68.1003,0.0
6,6,16.9772,69.6968,0.0
6,7,20.7075,71.1287,0.0
6,8,24.4859,72.4001,0.0
6,9,28.3040,73.5151,0.0
6,10,32.1542,74.4779,0.0
6,11,36.0295,75.2929,0.0
6,12,39.9235,75.9642,0.0
6,13,43.8303,76.4962,0.0
6,14,47.7448,76.8930,0.0
6,15,51.6619,77.1589,0.0
6,16,55.5773,77.2980,0.0
6,17,59.4870,77.3143,0.0
6,18,63.3873,77.2118,0.0
6,19,67.2748,76.9943,0.0
6,20,71.1465,76.6657,0.0
6,21,74.9997,76.2296,0.0
6,22,78.8318,75.6896,0.0
6,23,82.6406,75.0492,0.0
6,24,86.4239,74.3119,0.0
6,25,90.1800,73.4809,0.0
6,26,93.9071,72.5593,0.0
6,27,97.6037,71.5504,0.0
6,28,101.2684,70.4572,0.0
6,29,104.9001,69.2824,0.0
6,30,108.4976,68.0290,0.0
6,31,112.0600,66.6997,0.0
6,32,115.5863,65.2972,0.0
6,33,119.0759,63.8239,0.0
6,34,122.5281,62.2824,0.0
6,35,125.9422,60.6751,0.0
6,36,129.3178,59.0042,0.0
6,37,132.6545,57.2720,0.0
6,38,135.9519,55.4808,0.0
6,39,139.2097,53.6324,0.0
6,40,142.4276,51.7291,0.0
6,41,145.6055,49.7727,0.0
6,42,148.7433,47.7652,0.0
6,43,151.8409,45.7083,0.0
6,44,154.8981,43.6038,0.0
6,45,157.9151,41.4535,0.0
6,46,160.8917,39.2589,0.0
6,47,163.8282,37.0217,0.0
6,48,166.7245,34.7435,0.0
6,49,169.5808,32.4256,0.0
6,50,172.3973,30.0695,0.0
7,1,183.7500,0.0000,0.0
7,2,184.1550,7.7184,0.0
7,3,184.2349,15.4706,0.0
7,4,183.9877,23.2430,0.0
7,5,183.4117,31.0218,0.0
7,6,182.5060,38.7929,0.0
7,7,181.2703,46.5423,0.0
7,8,179.7048,54.2561,0.0
7,9,177.8103,61.9201,0.0
7,10,175.5883,69.5203,0.0
7,11,173.0407,77.0427,0.0
7,12,170.1703,84.4733,0.0
7,13,166.9802,91.7982,0.0
7,14,163.4744,99.0036,0.0
7,15,159.6571,106.0759,0.0
7,16,155.5335,113.0017,0.0
7,17,151.1092,119.7676,0.0
7,18,146.3902,126.3607,0.0
7,19,141.3835,132.7679,0.0
7,20,136.0962,138.9768,0.0
7,21,130.5362,144.9752,0.0
7,22,124.7120,150.7509,0.0
7,23,118.6324,156.2924,0.0
7,24,112.3069,161.5885,0.0
7,25,105.7454,166.6281,0.0
7,26,98.9583,171.4009,0.0
7,27,91.9565,175.8966,0.0
7,28,84.7514,180.1058,0.0
7,29,77.3546,184.0192,0.0
7,30,69.7783,187.6282,0.0
7,31,62.0352,190.9246,0.0
7,32,54.1380,193.9007,0.0
7,33,46.1002,196.5494,0.0
7,34,37.9353,198.8641,0.0
7,35,29.6573,200.8388,0.0
7,36,21.2803,202.4681,0.0
7,37,12.8187,203.7472,0.0
7,38,4.2873,204.6718,0.0
7,39,-4.2991,205.2383,0.0
7,40,-12.9254,205.4438,0.0
7,41,-21.5764,205.2859,0.0
7,42,-30.2368,204.7629,0.0
7,43,-38.8910,203.8737,0.0
7,44,-47.5236,202.6180,0.0
7,45,-56.1191,200.9960,0.0
7,46,-64.6618,199.0086,0.0
7,47,-73.1362,196.6574,0.0
7,48,-81.5268,193.9446,0.0
7,49,-89.8181,190.8733,0.0
7,50,-97.9948,187.4468,0.0
7,51,-106.0417,183.6696,0.0
7,52,-113.9436,179.5463,0.0
7,53,-121.6856,175.0827,0.0
7,54,-129.2532,170.2848,0.0
7,55,-136.6318,165.1595,0.0
7,56,-143.8073,159.7142,0.0
7,57,-150.7658,153.9570,0.0
7,58,-157.4937,147.8964,0.0
7,59,-163.9777,141.5418,0.0
7,60,-170.2052,134.9029,0.0
7,61,-176.1635,127.9902,0.0
7,62,-181.8406,120.8146,0.0
7,63,-187.2250,113.3875,0.0
7,64,-192.3055,105.7208,0.0
7,65,-197.0715,97.8272,0.0
7,66,-201.5129,89.7193,0.0
7,67,-205.6201,81.4107,0.0
7,68,-209.3840,72.9152,0.0
7,69,-212.7962,64.2470,0.0
7,70,-215.8488,55.4205,0.0
7,71,-218.5345,46.4509,0.0
7,72,-220.8467,37.3534,0.0
7,73,-222.7794,28.1436,0.0
7,74,-224.3272,18.8373,0.0
7,75,-225.4854,9.4506,0.0
7,76,-226.2500,0.0000,0.0
7,77,-226.6177,-9.4981,0.0
7,78,-226.5859,-19.0269,0.0
7,79,-226.1525,-28.5697,0.0
7,80,-225.3165,-38.1094,0.0
7,81,-224.0773,-47.6291,0.0
7,82,-222.4351,-57.1116,0.0
7,83,-220.3909,-66.5399,0.0
7,84,-217.9463,-75.8969,0.0
7,85,-215.1038,-85.1656,0.0
7,86,-211.8664,-94.3290,0.0
7,87,-208.2381,-103.3703,0.0
7,88,-204.2233,-112.2727,0.0
7,89,-199.8273,-121.0197,0.0
7,90,-195.0563,-129.5951,0.0
7,91,-189.9167,-137.9826,0.0
7,92,-184.4161,-146.1664,0.0
7,93,-178.5625,-154.1310,0.0
7,94,-172.3646,-161.8612,0.0
7,95,-165.8319,-169.3419,0.0
7,96,-158.9743,-176.5588,0.0
7,97,-151.8025,-183.4977,0.0
7,98,-144.3279,-190.1450,0.0
7,99,-136.5622,-196.4873,0.0
7,100,-128.5181,-202.5121,0.0
7,101,-120.2083,-208.2069,0.0
7,102,-111.6466,-213.5603,0.0
7,103,-102.8470,-218.5610,0.0
7,104,-93.8240,-223.1984,0.0
7,105,-84.5926,-227.4627,0.0
7,106,-75.1684,-231.3445,0.0
7,107,-65.5671,-234.8351,0.0
7,108,-55.8051,-237.9265,0.0
7,109,-45.8991,-240.6113,0.0
7,110,-35.8658,-242.8828,0.0
7,111,-25.7227,-244.7353,0.0
7,112,-15.4873,-246.1633,0.0
7,113,-5.1773,-247.1624,0.0
7,114,5.1892,-247.7290,0.0
7,115,15.5940,-247.8599,0.0
7,116,26.0189,-247.5531,0.0
7,117,36.4453,-246.8070,0.0
7,118,46.8547,-245.6209,0.0
7,119,57.2285,-243.9951,0.0
7,120,67.5482,-241.9304,0.0
7,121,77.7950,-239.4285,0.0
7,122,87.9505,-236.4919,0.0
7,123,97.9962,-233.1238,0.0
7,124,107.9138,-229.3284,0.0
7,125,117.6849,-225.1105,0.0
7,126,127.2917,-220.4756,0.0
7,127,136.7162,-215.4303,0.0
7,128,145.9410,-209.9815,0.0
7,129,154.9487,-204.1373,0.0
7,130,163.7224,-197.9063,0.0
7,131,172.2454,-191.2979,0.0
7,132,180.5015,-184.3220,0.0
7,133,188.4748,-176.9897,0.0
7,134,196.1500,-169.3122,0.0
7,135,203.5121,-161.3017,0.0
7,136,210.5467,-152.9711,0.0
7,137,217.2397,-144.3337,0.0
7,138,223.5780,-135.4036,0.0
7,139,229.5485,-126.1954,0.0
7,140,235.1393,-116.7241,0.0
7,141,240.3386,-107.0056,0.0
7,142,245.1356,-97.0560,0.0
7,143,249.5200,-86.8920,0.0
7,144,253.4822,-76.5308,0.0
7,145,257.0135,-65.9899,0.0
7,146,260.1057,-55.2872,0.0
7,147,262.7515,-44.4411,0.0
7,148,264.9442,-33.4702,0.0
7,149,266.6781,-22.3936,0.0
7,150,267.9481,-11.2304,0.0
7,151,268.7500,-0.0000,0.0
